"('Date',_'')","('Adj_Close',_'AAPL')","('Close',_'AAPL')","('High',_'AAPL')","('Low',_'AAPL')","('Open',_'AAPL')","('Volume',_'AAPL')"
2023-02-13,151.65296936035156,153.85000610351562,154.25999450683594,150.9199981689453,150.9499969482422,62199000
2023-02-14,151.01226806640625,153.1999969482422,153.77000427246094,150.86000061035156,152.1199951171875,61707600
2023-02-15,153.11184692382812,155.3300018310547,155.5,152.8800048828125,153.11000061035156,65573800
2023-02-16,151.51498413085938,153.7100067138672,156.3300018310547,153.35000610351562,153.50999450683594,68167900
2023-02-17,150.37155151367188,152.5500030517578,153.0,150.85000610351562,152.35000610351562,59144100
2023-02-21,146.35964965820312,148.47999572753906,151.3000030517578,148.41000366210938,150.1999969482422,58867200
2023-02-22,146.78353881835938,148.91000366210938,149.9499969482422,147.16000366210938,148.8699951171875,51011300
2023-02-23,147.26654052734375,149.39999389648438,150.33999633789062,147.24000549316406,150.08999633789062,48394200
2023-02-24,144.61492919921875,146.7100067138672,147.19000244140625,145.72000122070312,147.11000061035156,55469600
2023-02-27,145.80764770507812,147.9199981689453,149.1699981689453,147.4499969482422,147.7100067138672,44998500
2023-02-28,145.30494689941406,147.41000366210938,149.0800018310547,146.8300018310547,147.0500030517578,50547000
2023-03-01,143.23492431640625,145.30999755859375,147.22999572753906,145.00999450683594,146.8300018310547,55479000
2023-03-02,143.8263702392578,145.91000366210938,146.7100067138672,143.89999389648438,144.3800048828125,52238100
2023-03-03,148.87322998046875,151.02999877929688,151.11000061035156,147.3300018310547,148.0399932861328,70732300
2023-03-06,151.63328552246094,153.8300018310547,156.3000030517578,153.4600067138672,153.7899932861328,87558000
2023-03-07,149.43511962890625,151.60000610351562,154.02999877929688,151.1300048828125,153.6999969482422,56182000
2023-03-08,150.68698120117188,152.8699951171875,153.47000122070312,151.8300018310547,152.80999755859375,47204800
2023-03-09,148.43954467773438,150.58999633789062,154.5399932861328,150.22999572753906,153.55999755859375,53833600
2023-03-10,146.37939453125,148.5,150.94000244140625,147.61000061035156,150.2100067138672,68572400
2023-03-13,148.3212432861328,150.47000122070312,153.13999938964844,147.6999969482422,147.80999755859375,84457100
2023-03-14,150.41098022460938,152.58999633789062,153.39999389648438,150.10000610351562,151.27999877929688,73695900
2023-03-15,150.80526733398438,152.99000549316406,153.25,149.9199981689453,151.19000244140625,77167900
2023-03-16,153.62442016601562,155.85000610351562,156.4600067138672,151.63999938964844,152.16000366210938,76161100
2023-03-17,152.78656005859375,155.0,156.74000549316406,154.27999877929688,156.0800018310547,98944600
2023-03-20,155.1522979736328,157.39999389648438,157.82000732421875,154.14999389648438,155.07000732421875,73641400
2023-03-21,157.0054473876953,159.27999877929688,159.39999389648438,156.5399932861328,157.32000732421875,73938300
2023-03-22,155.57615661621094,157.8300018310547,162.13999938964844,157.80999755859375,159.3000030517578,75701800
2023-03-23,156.6604461669922,158.92999267578125,161.5500030517578,157.67999267578125,158.8300018310547,67622100
2023-03-24,157.9615936279297,160.25,160.33999633789062,157.85000610351562,158.86000061035156,59196500
2023-03-27,156.01976013183594,158.27999877929688,160.77000427246094,157.8699951171875,159.94000244140625,52390300
2023-03-28,155.3987274169922,157.64999389648438,158.49000549316406,155.97999572753906,157.97000122070312,45992200
2023-03-29,158.4741668701172,160.77000427246094,161.0500030517578,159.35000610351562,159.3699951171875,51305700
2023-03-30,160.04144287109375,162.36000061035156,162.47000122070312,161.27000427246094,161.52999877929688,49501700
2023-03-31,162.54518127441406,164.89999389648438,165.0,161.91000366210938,162.44000244140625,68749800
2023-04-03,163.7970428466797,166.1699981689453,166.2899932861328,164.22000122070312,164.27000427246094,56976200
2023-04-04,163.26478576660156,165.6300048828125,166.83999633789062,165.11000061035156,166.60000610351562,46278300
2023-04-05,161.4214630126953,163.75999450683594,165.0500030517578,161.8000030517578,164.74000549316406,51511700
2023-04-06,162.3086395263672,164.66000366210938,164.9600067138672,162.0,162.42999267578125,45390100
2023-04-10,159.71615600585938,162.02999877929688,162.02999877929688,160.0800018310547,161.4199981689453,47716900
2023-04-11,158.50375366210938,160.8000030517578,162.36000061035156,160.50999450683594,162.35000610351562,47644200
2023-04-12,157.81375122070312,160.10000610351562,162.05999755859375,159.77999877929688,161.22000122070312,50133100
2023-04-13,163.19578552246094,165.55999755859375,165.8000030517578,161.4199981689453,161.6300048828125,68445600
2023-04-14,162.85076904296875,165.2100067138672,166.32000732421875,163.82000732421875,164.58999633789062,49386500
2023-04-17,162.87046813964844,165.22999572753906,165.38999938964844,164.02999877929688,165.08999633789062,41516200
2023-04-18,164.09275817871094,166.47000122070312,167.41000366210938,165.64999389648438,166.10000610351562,49923000
2023-04-19,165.2362060546875,167.6300048828125,168.16000366210938,165.5399932861328,165.8000030517578,47720200
2023-04-20,164.2701873779297,166.64999389648438,167.8699951171875,165.55999755859375,166.08999633789062,52456400
2023-04-21,162.66348266601562,165.02000427246094,166.4499969482422,164.49000549316406,165.0500030517578,58337300
2023-04-24,162.96905517578125,165.3300018310547,165.60000610351562,163.88999938964844,165.0,41949600
2023-04-25,161.43133544921875,163.77000427246094,166.30999755859375,163.72999572753906,165.19000244140625,48714100
2023-04-26,161.4214630126953,163.75999450683594,165.27999877929688,162.8000030517578,163.05999755859375,45498800
2023-04-27,166.00506591796875,168.41000366210938,168.55999755859375,165.19000244140625,165.19000244140625,64902300
2023-04-28,167.25692749023438,169.67999267578125,169.85000610351562,167.8800048828125,168.49000549316406,55275900
2023-05-01,167.16819763183594,169.58999633789062,170.4499969482422,168.63999938964844,169.27999877929688,52472900
2023-05-02,166.1332244873047,168.5399932861328,170.35000610351562,167.5399932861328,170.08999633789062,48425700
2023-05-03,165.0587921142578,167.4499969482422,170.9199981689453,167.16000366210938,169.5,65136000
2023-05-04,163.42247009277344,165.7899932861328,167.0399932861328,164.30999755859375,164.88999938964844,81235400
2023-05-05,171.0913848876953,173.57000732421875,174.3000030517578,170.75999450683594,170.97999572753906,113453200
2023-05-08,171.02235412597656,173.5,173.85000610351562,172.11000061035156,172.47999572753906,55962800
2023-05-09,169.3170928955078,171.77000427246094,173.5399932861328,171.60000610351562,173.0500030517578,45326900
2023-05-10,171.08151245117188,173.55999755859375,174.02999877929688,171.89999389648438,173.02000427246094,53724500
2023-05-11,171.268798828125,173.75,174.58999633789062,172.1699981689453,173.85000610351562,49514700
2023-05-12,170.3409423828125,172.57000732421875,174.05999755859375,171.0,173.6199951171875,45533100
2023-05-15,169.84739685058594,172.07000732421875,173.2100067138672,171.47000122070312,173.16000366210938,37266700
2023-05-16,169.84739685058594,172.07000732421875,173.13999938964844,171.8000030517578,171.99000549316406,42110300
2023-05-17,170.45941162109375,172.69000244140625,172.92999267578125,170.4199981689453,171.7100067138672,57951600
2023-05-18,172.78890991210938,175.0500030517578,175.24000549316406,172.5800018310547,173.0,65496700
2023-05-19,172.8975067138672,175.16000366210938,176.38999938964844,174.94000244140625,176.38999938964844,55809500
2023-05-22,171.9499053955078,174.1999969482422,174.7100067138672,173.4499969482422,173.97999572753906,43570900
2023-05-23,169.34397888183594,171.55999755859375,173.3800048828125,171.27999877929688,173.1300048828125,50747300
2023-05-24,169.620361328125,171.83999633789062,172.4199981689453,170.52000427246094,171.08999633789062,45143500
2023-05-25,170.75550842285156,172.99000549316406,173.89999389648438,171.69000244140625,172.41000366210938,56058300
2023-05-26,173.1639862060547,175.42999267578125,175.77000427246094,173.11000061035156,173.32000732421875,54835000
2023-05-30,175.0098419189453,177.3000030517578,178.99000549316406,176.57000732421875,176.9600067138672,55964400
2023-05-31,174.9605255126953,177.25,179.35000610351562,176.75999450683594,177.3300018310547,99625300
2023-06-01,177.7637939453125,180.08999633789062,180.1199951171875,176.92999267578125,177.6999969482422,68901800
2023-06-02,178.61268615722656,180.9499969482422,181.77999877929688,179.25999450683594,181.02999877929688,61996900
2023-06-05,177.26039123535156,179.5800018310547,184.9499969482422,178.0399932861328,182.6300048828125,121946500
2023-06-06,176.89520263671875,179.2100067138672,180.1199951171875,177.42999267578125,179.97000122070312,64848400
2023-06-07,175.52316284179688,177.82000732421875,181.2100067138672,177.32000732421875,178.44000244140625,61944600
2023-06-08,178.23764038085938,180.57000732421875,180.83999633789062,177.4600067138672,177.89999389648438,50214900
2023-06-09,178.62258911132812,180.9600067138672,182.22999572753906,180.6300048828125,181.5,48900000
2023-06-12,181.41603088378906,183.7899932861328,183.88999938964844,180.97000122070312,181.27000427246094,54274900
2023-06-13,180.94223022460938,183.30999755859375,184.14999389648438,182.44000244140625,182.8000030517578,54929100
2023-06-14,181.57395935058594,183.9499969482422,184.38999938964844,182.02000427246094,183.3699951171875,57462900
2023-06-15,183.60736083984375,186.00999450683594,186.52000427246094,183.77999877929688,183.9600067138672,65433200
2023-06-16,182.5314178466797,184.9199981689453,186.99000549316406,184.27000427246094,186.72999572753906,101256200
2023-06-20,182.62025451660156,185.00999450683594,186.10000610351562,184.41000366210938,184.41000366210938,49799100
2023-06-21,181.5838623046875,183.9600067138672,185.41000366210938,182.58999633789062,184.89999389648438,49515700
2023-06-22,184.5845489501953,187.0,187.0500030517578,183.6699981689453,183.74000549316406,51245300
2023-06-23,184.2686767578125,186.67999267578125,187.55999755859375,185.00999450683594,185.5500030517578,53117000
2023-06-26,182.87689208984375,185.27000427246094,188.0500030517578,185.22999572753906,186.8300018310547,48088700
2023-06-27,185.63088989257812,188.05999755859375,188.38999938964844,185.6699981689453,185.88999938964844,50730800
2023-06-28,186.80551147460938,189.25,189.89999389648438,187.60000610351562,187.92999267578125,51216800
2023-06-29,187.14111328125,189.58999633789062,190.07000732421875,188.94000244140625,189.0800018310547,46347300
2023-06-30,191.46453857421875,193.97000122070312,194.47999572753906,191.25999450683594,191.6300048828125,85213200
2023-07-03,189.9740447998047,192.4600067138672,193.8800048828125,191.75999450683594,193.77999877929688,31458200
2023-07-05,188.85861206054688,191.3300018310547,192.97999572753906,190.6199951171875,191.57000732421875,46920300
2023-07-06,189.33242797851562,191.80999755859375,192.02000427246094,189.1999969482422,189.83999633789062,45094300
2023-07-07,188.21701049804688,190.67999267578125,192.6699981689453,190.24000549316406,191.41000366210938,46815000
2023-07-10,186.1737518310547,188.61000061035156,189.99000549316406,187.0399932861328,189.25999450683594,59922200
2023-07-11,185.65060424804688,188.0800018310547,189.3000030517578,186.60000610351562,189.16000366210938,46638100
2023-07-12,187.3187713623047,189.77000427246094,191.6999969482422,188.47000122070312,189.67999267578125,60750200
2023-07-13,188.07884216308594,190.5399932861328,191.19000244140625,189.77999877929688,190.5,41342300
2023-07-14,188.22689819335938,190.69000244140625,191.17999267578125,189.6300048828125,190.22999572753906,41616200
2023-07-17,191.48428344726562,193.99000549316406,194.32000732421875,191.80999755859375,191.89999389648438,50520200
2023-07-18,191.22760009765625,193.72999572753906,194.3300018310547,192.4199981689453,193.35000610351562,48288200
2023-07-19,192.57994079589844,195.10000610351562,198.22999572753906,192.64999389648438,193.10000610351562,80507300
2023-07-20,190.6353759765625,193.1300048828125,196.47000122070312,192.5,195.08999633789062,59581200
2023-07-21,189.4607391357422,191.94000244140625,194.97000122070312,191.22999572753906,194.10000610351562,71951700
2023-07-24,190.26026916503906,192.75,194.91000366210938,192.25,193.41000366210938,45377800
2023-07-25,191.11904907226562,193.6199951171875,194.44000244140625,192.9199981689453,193.3300018310547,37283200
2023-07-26,191.98768615722656,194.5,195.63999938964844,193.32000732421875,193.6699981689453,47471900
2023-07-27,190.7241973876953,193.22000122070312,197.1999969482422,192.5500030517578,196.02000427246094,47460200
2023-07-28,193.30050659179688,195.8300018310547,196.6300048828125,194.13999938964844,194.6699981689453,48291400
2023-07-31,193.91250610351562,196.4499969482422,196.49000549316406,195.25999450683594,196.05999755859375,38824100
2023-08-01,193.08334350585938,195.61000061035156,196.72999572753906,195.27999877929688,196.24000549316406,35175100
2023-08-02,190.09249877929688,192.5800018310547,195.17999267578125,191.85000610351562,195.0399932861328,50389300
2023-08-03,188.70066833496094,191.1699981689453,192.3699951171875,190.69000244140625,191.57000732421875,61235200
2023-08-04,179.63926696777344,181.99000549316406,187.3800048828125,181.9199981689453,185.52000427246094,115956800
2023-08-07,176.5398406982422,178.85000610351562,183.1300048828125,177.35000610351562,182.1300048828125,97576100
2023-08-08,177.47756958007812,179.8000030517578,180.27000427246094,177.5800018310547,179.69000244140625,67823000
2023-08-09,175.8883514404297,178.19000244140625,180.92999267578125,177.00999450683594,180.8699951171875,60378500
2023-08-10,175.67117309570312,177.97000122070312,180.75,177.60000610351562,179.47999572753906,54686900
2023-08-11,175.73049926757812,177.7899932861328,178.6199951171875,176.5500030517578,177.32000732421875,52036700
2023-08-14,177.38116455078125,179.4600067138672,179.69000244140625,177.30999755859375,177.97000122070312,43675600
2023-08-15,175.39442443847656,177.4499969482422,179.47999572753906,177.0500030517578,178.8800048828125,43622600
2023-08-16,174.524658203125,176.57000732421875,178.5399932861328,176.5,177.1300048828125,46964900
2023-08-17,171.9844207763672,174.0,177.50999450683594,173.47999572753906,177.13999938964844,66062900
2023-08-18,172.46873474121094,174.49000549316406,175.10000610351562,171.9600067138672,172.3000030517578,61172200
2023-08-21,173.80308532714844,175.83999633789062,176.1300048828125,173.74000549316406,175.07000732421875,46311900
2023-08-22,175.177001953125,177.22999572753906,177.67999267578125,176.25,177.05999755859375,42038900
2023-08-23,179.02194213867188,181.1199951171875,181.5500030517578,178.3300018310547,178.52000427246094,52722800
2023-08-24,174.3368377685547,176.3800048828125,181.10000610351562,176.00999450683594,180.6699981689453,54945800
2023-08-25,176.54100036621094,178.61000061035156,179.14999389648438,175.82000732421875,177.3800048828125,51449600
2023-08-28,178.10269165039062,180.19000244140625,180.58999633789062,178.5500030517578,180.08999633789062,43820700
2023-08-29,181.98716735839844,184.1199951171875,184.89999389648438,179.5,179.6999969482422,53003900
2023-08-30,185.47625732421875,187.64999389648438,187.85000610351562,184.74000549316406,184.94000244140625,60813900
2023-08-31,185.69374084472656,187.8699951171875,189.1199951171875,187.47999572753906,187.83999633789062,60794500
2023-09-01,187.26531982421875,189.4600067138672,189.9199981689453,188.27999877929688,189.49000549316406,45766500
2023-09-05,187.50254821777344,189.6999969482422,189.97999572753906,187.61000061035156,188.27999877929688,45280000
2023-09-06,180.7911834716797,182.91000366210938,188.85000610351562,181.47000122070312,188.39999389648438,81755800
2023-09-07,175.50315856933594,177.55999755859375,178.2100067138672,173.5399932861328,175.17999267578125,112488800
2023-09-08,176.11598205566406,178.17999267578125,180.24000549316406,177.7899932861328,178.35000610351562,65551300
2023-09-11,177.28231811523438,179.36000061035156,180.3000030517578,177.33999633789062,180.07000732421875,58953100
2023-09-12,174.25778198242188,176.3000030517578,180.1300048828125,174.82000732421875,179.49000549316406,90370200
2023-09-13,172.1919708251953,174.2100067138672,177.3000030517578,173.97999572753906,176.50999450683594,84267900
2023-09-14,173.70425415039062,175.74000549316406,176.10000610351562,173.5800018310547,174.0,60895800
2023-09-15,172.98269653320312,175.00999450683594,176.5,173.82000732421875,176.47999572753906,109259500
2023-09-18,175.90841674804688,177.97000122070312,179.3800048828125,176.1699981689453,176.47999572753906,67257600
2023-09-19,176.99569702148438,179.07000732421875,179.6300048828125,177.1300048828125,177.52000427246094,51826900
2023-09-20,173.4571533203125,175.49000549316406,179.6999969482422,175.39999389648438,179.25999450683594,58436200
2023-09-21,171.9152069091797,173.92999267578125,176.3000030517578,173.86000061035156,174.5500030517578,63149100
2023-09-22,172.7652587890625,174.7899932861328,177.0800018310547,174.0500030517578,174.6699981689453,56725400
2023-09-25,174.04031372070312,176.0800018310547,176.97000122070312,174.14999389648438,174.1999969482422,46172700
2023-09-26,169.96804809570312,171.9600067138672,175.1999969482422,171.66000366210938,174.82000732421875,64588900
2023-09-27,168.45574951171875,170.42999267578125,173.0399932861328,169.0500030517578,172.6199951171875,66921800
2023-09-28,168.71273803710938,170.69000244140625,172.02999877929688,167.6199951171875,169.33999633789062,56294400
2023-09-29,169.2267303466797,171.2100067138672,173.07000732421875,170.33999633789062,172.02000427246094,51861100
2023-10-02,171.7373046875,173.75,174.3000030517578,170.92999267578125,171.22000122070312,52164500
2023-10-03,170.40292358398438,172.39999389648438,173.6300048828125,170.82000732421875,172.25999450683594,49594600
2023-10-04,171.6483612060547,173.66000366210938,174.2100067138672,170.97000122070312,171.08999633789062,53020300
2023-10-05,172.88385009765625,174.91000366210938,175.4499969482422,172.67999267578125,173.7899932861328,48527900
2023-10-06,175.43397521972656,177.49000549316406,177.99000549316406,173.17999267578125,173.8000030517578,57266700
2023-10-09,176.9166259765625,178.99000549316406,179.0500030517578,175.8000030517578,176.80999755859375,42390800
2023-10-10,176.32357788085938,178.38999938964844,179.72000122070312,177.9499969482422,178.10000610351562,43698000
2023-10-11,177.71722412109375,179.8000030517578,179.85000610351562,177.60000610351562,178.1999969482422,47551100
2023-10-12,178.61668395996094,180.7100067138672,182.33999633789062,179.0399932861328,180.07000732421875,56743100
2023-10-13,176.77825927734375,178.85000610351562,181.92999267578125,178.13999938964844,181.4199981689453,51427100
2023-10-16,176.64974975585938,178.72000122070312,179.0800018310547,176.50999450683594,176.75,52517000
2023-10-17,175.097900390625,177.14999389648438,178.4199981689453,174.8000030517578,176.64999389648438,57549400
2023-10-18,173.80308532714844,175.83999633789062,177.5800018310547,175.11000061035156,175.5800018310547,54764400
2023-10-19,173.427490234375,175.4600067138672,177.83999633789062,175.19000244140625,176.0399932861328,59302900
2023-10-20,170.87738037109375,172.8800048828125,175.4199981689453,172.63999938964844,175.30999755859375,64244000
2023-10-23,170.99598693847656,173.0,174.00999450683594,169.92999267578125,170.91000366210938,55980100
2023-10-24,171.43089294433594,173.44000244140625,173.6699981689453,171.4499969482422,173.0500030517578,43816600
2023-10-25,169.1179962158203,171.10000610351562,173.05999755859375,170.64999389648438,171.8800048828125,57157000
2023-10-26,164.95677185058594,166.88999938964844,171.3800048828125,165.6699981689453,170.3699951171875,70625300
2023-10-27,166.27134704589844,168.22000122070312,168.9600067138672,166.8300018310547,166.91000366210938,58499100
2023-10-30,168.3173828125,170.2899932861328,171.1699981689453,168.8699951171875,169.02000427246094,51131000
2023-10-31,168.79183959960938,170.77000427246094,170.89999389648438,167.89999389648438,169.35000610351562,44846000
2023-11-01,171.95472717285156,173.97000122070312,174.22999572753906,170.1199951171875,171.0,56934900
2023-11-02,175.51307678222656,177.57000732421875,177.77999877929688,175.4600067138672,175.52000427246094,77334800
2023-11-03,174.60372924804688,176.64999389648438,176.82000732421875,173.35000610351562,174.24000549316406,79829200
2023-11-06,177.15380859375,179.22999572753906,179.42999267578125,176.2100067138672,176.3800048828125,63841300
2023-11-07,179.7138214111328,181.82000732421875,182.44000244140625,178.97000122070312,179.17999267578125,70530000
2023-11-08,180.7714385986328,182.88999938964844,183.4499969482422,181.58999633789062,182.35000610351562,49340300
2023-11-09,180.29698181152344,182.41000366210938,184.1199951171875,181.80999755859375,182.9600067138672,53763500
2023-11-10,184.48350524902344,186.39999389648438,186.57000732421875,183.52999877929688,183.97000122070312,66133400
2023-11-13,182.8999481201172,184.8000030517578,186.02999877929688,184.2100067138672,185.82000732421875,43627500
2023-11-14,185.51280212402344,187.44000244140625,188.11000061035156,186.3000030517578,187.6999969482422,60108400
2023-11-15,186.07693481445312,188.00999450683594,189.5,187.77999877929688,187.85000610351562,53790500
2023-11-16,187.7594757080078,189.7100067138672,190.9600067138672,188.64999389648438,189.57000732421875,54412900
2023-11-17,187.73965454101562,189.69000244140625,190.3800048828125,188.57000732421875,190.25,50922700
2023-11-20,189.4815673828125,191.4499969482422,191.91000366210938,189.8800048828125,189.88999938964844,46505100
2023-11-21,188.67987060546875,190.63999938964844,191.52000427246094,189.74000549316406,191.41000366210938,38134500
2023-11-22,189.343017578125,191.30999755859375,192.92999267578125,190.8300018310547,191.49000549316406,39617700
2023-11-24,188.01678466796875,189.97000122070312,190.89999389648438,189.25,190.8699951171875,24048300
2023-11-27,187.83863830566406,189.7899932861328,190.6699981689453,188.89999389648438,189.9199981689453,40552600
2023-11-28,188.44236755371094,190.39999389648438,191.0800018310547,189.39999389648438,189.77999877929688,38415400
2023-11-29,187.4229736328125,189.3699951171875,192.08999633789062,188.97000122070312,190.89999389648438,43014200
2023-11-30,187.9969940185547,189.9499969482422,190.32000732421875,188.19000244140625,189.83999633789062,48794400
2023-12-01,189.27374267578125,191.24000549316406,191.55999755859375,189.22999572753906,190.3300018310547,45704800
2023-12-04,187.48233032226562,189.42999267578125,190.0500030517578,187.4499969482422,189.97999572753906,43389500
2023-12-05,191.43128967285156,193.4199981689453,194.39999389648438,190.17999267578125,190.2100067138672,66628400
2023-12-06,190.34263610839844,192.32000732421875,194.75999450683594,192.11000061035156,194.4499969482422,41089700
2023-12-07,192.2725830078125,194.27000427246094,195.0,193.58999633789062,193.6300048828125,47477700
2023-12-08,193.69778442382812,195.7100067138672,195.99000549316406,193.6699981689453,194.1999969482422,53406400
2023-12-11,191.19378662109375,193.17999267578125,193.49000549316406,191.4199981689453,193.11000061035156,60943700
2023-12-12,192.7080535888672,194.7100067138672,194.72000122070312,191.72000122070312,193.0800018310547,52696900
2023-12-13,195.9246368408203,197.9600067138672,198.0,194.85000610351562,195.08999633789062,70404200
2023-12-14,196.0730743408203,198.11000061035156,199.6199951171875,196.16000366210938,198.02000427246094,66831600
2023-12-15,195.53863525390625,197.57000732421875,198.39999389648438,197.0,197.52999877929688,128538400
2023-12-18,193.87591552734375,195.88999938964844,196.6300048828125,194.38999938964844,196.08999633789062,55751900
2023-12-19,194.91513061523438,196.94000244140625,196.9499969482422,195.88999938964844,196.16000366210938,40714100
2023-12-20,192.8268280029297,194.8300018310547,197.67999267578125,194.8300018310547,196.89999389648438,52242800
2023-12-21,192.67835998535156,194.67999267578125,197.0800018310547,193.5,196.10000610351562,46482500
2023-12-22,191.6094512939453,193.60000610351562,195.41000366210938,192.97000122070312,195.17999267578125,37149600
2023-12-26,191.0651397705078,193.0500030517578,193.88999938964844,192.8300018310547,193.61000061035156,28919300
2023-12-27,191.16407775878906,193.14999389648438,193.5,191.08999633789062,192.49000549316406,48087700
2023-12-28,191.5896759033203,193.5800018310547,194.66000366210938,193.1699981689453,194.13999938964844,34049900
2023-12-29,190.5504608154297,192.52999877929688,194.39999389648438,191.72999572753906,193.89999389648438,42672100
2024-01-02,183.7313232421875,185.63999938964844,188.44000244140625,183.88999938964844,187.14999389648438,82488700
2024-01-03,182.35560607910156,184.25,185.8800048828125,183.42999267578125,184.22000122070312,58414500
2024-01-04,180.03965759277344,181.91000366210938,183.08999633789062,180.8800048828125,182.14999389648438,71983600
2024-01-05,179.31715393066406,181.17999267578125,182.75999450683594,180.1699981689453,181.99000549316406,62379700
2024-01-08,183.65213012695312,185.55999755859375,185.60000610351562,181.5,182.08999633789062,59144500
2024-01-09,183.2364501953125,185.13999938964844,185.14999389648438,182.72999572753906,183.9199981689453,42841800
2024-01-10,184.2756805419922,186.19000244140625,186.39999389648438,183.9199981689453,184.35000610351562,46792900
2024-01-11,183.68182373046875,185.58999633789062,187.0500030517578,183.6199951171875,186.5399932861328,49128400
2024-01-12,184.00843811035156,185.9199981689453,186.74000549316406,185.19000244140625,186.05999755859375,40477800
2024-01-16,181.74197387695312,183.6300048828125,184.25999450683594,180.92999267578125,182.16000366210938,65603000
2024-01-17,180.80174255371094,182.67999267578125,182.92999267578125,180.3000030517578,181.27000427246094,47317400
2024-01-18,186.69058227539062,188.6300048828125,189.13999938964844,185.8300018310547,186.08999633789062,78005800
2024-01-19,189.59043884277344,191.55999755859375,191.9499969482422,188.82000732421875,189.3300018310547,68903000
2024-01-22,191.896484375,193.88999938964844,195.3300018310547,192.25999450683594,192.3000030517578,60133900
2024-01-23,193.1732177734375,195.17999267578125,195.75,193.8300018310547,195.02000427246094,42355600
2024-01-24,192.50021362304688,194.5,196.3800048828125,194.33999633789062,195.4199981689453,53631300
2024-01-25,192.173583984375,194.1699981689453,196.27000427246094,193.11000061035156,195.22000122070312,54822100
2024-01-26,190.4415740966797,192.4199981689453,194.75999450683594,191.94000244140625,194.27000427246094,44594000
2024-01-29,189.75868225097656,191.72999572753906,192.1999969482422,189.5800018310547,192.00999450683594,47145600
2024-01-30,186.10662841796875,188.0399932861328,191.8000030517578,187.47000122070312,190.94000244140625,55859400
2024-01-31,182.5040283203125,184.39999389648438,187.10000610351562,184.35000610351562,187.0399932861328,55467800
2024-02-01,184.9387664794922,186.86000061035156,186.9499969482422,183.82000732421875,183.99000549316406,64885400
2024-02-02,183.9391632080078,185.85000610351562,187.3300018310547,179.25,179.86000061035156,102551700
2024-02-05,185.75035095214844,187.67999267578125,189.25,185.83999633789062,188.14999389648438,69668800
2024-02-06,187.3536834716797,189.3000030517578,189.30999755859375,186.77000427246094,186.86000061035156,43490800
2024-02-07,187.46253967285156,189.41000366210938,191.0500030517578,188.61000061035156,190.63999938964844,53439000
2024-02-08,186.38377380371094,188.32000732421875,189.5399932861328,187.35000610351562,189.38999938964844,40962000
2024-02-09,187.14682006835938,188.85000610351562,189.99000549316406,188.0,188.64999389648438,45155200
2024-02-12,185.46212768554688,187.14999389648438,188.6699981689453,186.7899932861328,188.4199981689453,41781900
2024-02-13,183.3711700439453,185.0399932861328,186.2100067138672,183.50999450683594,185.77000427246094,56529500
2024-02-14,182.48919677734375,184.14999389648438,185.52999877929688,182.44000244140625,185.32000732421875,54630500
2024-02-15,182.20181274414062,183.86000061035156,184.49000549316406,181.35000610351562,183.5500030517578,65434500
2024-02-16,180.665771484375,182.30999755859375,184.85000610351562,181.6699981689453,183.4199981689453,49752500
2024-02-20,179.92254638671875,181.55999755859375,182.42999267578125,180.0,181.7899932861328,53665600
2024-02-21,180.6757049560547,182.32000732421875,182.88999938964844,180.66000366210938,181.94000244140625,41371400
2024-02-22,182.7071990966797,184.3699951171875,184.9600067138672,182.4600067138672,183.47999572753906,52292200
2024-02-23,180.8739013671875,182.52000427246094,185.0399932861328,182.22999572753906,185.00999450683594,45119700
2024-02-26,179.52618408203125,181.16000366210938,182.75999450683594,180.64999389648438,182.24000549316406,40867400
2024-02-27,180.98289489746094,182.6300048828125,183.9199981689453,179.55999755859375,181.10000610351562,54318900
2024-02-28,179.7838134765625,181.4199981689453,183.1199951171875,180.1300048828125,182.50999450683594,48953900
2024-02-29,179.11985778808594,180.75,182.57000732421875,179.52999877929688,181.27000427246094,136682600
2024-03-01,178.03968811035156,179.66000366210938,180.52999877929688,177.3800048828125,179.5500030517578,73563100
2024-03-04,173.5208282470703,175.10000610351562,176.89999389648438,173.7899932861328,176.14999389648438,81510100
2024-03-05,168.58572387695312,170.1199951171875,172.0399932861328,169.6199951171875,170.75999450683594,95132400
2024-03-06,167.59471130371094,169.1199951171875,171.24000549316406,168.67999267578125,171.05999755859375,68587700
2024-03-07,167.475830078125,169.0,170.72999572753906,168.49000549316406,169.14999389648438,71765100
2024-03-08,169.1902313232422,170.72999572753906,173.6999969482422,168.94000244140625,169.0,76267000
2024-03-11,171.1920166015625,172.75,174.3800048828125,172.0500030517578,172.94000244140625,60139500
2024-03-12,171.6676788330078,173.22999572753906,174.02999877929688,171.00999450683594,173.14999389648438,59825400
2024-03-13,169.5866241455078,171.1300048828125,173.19000244140625,170.75999450683594,172.77000427246094,52488700
2024-03-14,171.4397430419922,173.0,174.30999755859375,172.0500030517578,172.91000366210938,72913500
2024-03-15,171.0631866455078,172.6199951171875,172.6199951171875,170.2899932861328,171.1699981689453,121752700
2024-03-18,172.15325927734375,173.72000122070312,177.7100067138672,173.52000427246094,175.57000732421875,75604200
2024-03-19,174.4919891357422,176.0800018310547,176.61000061035156,173.02999877929688,174.33999633789062,55215200
2024-03-20,177.05862426757812,178.6699981689453,178.6699981689453,175.08999633789062,175.72000122070312,53423100
2024-03-21,169.82443237304688,171.3699951171875,177.49000549316406,170.83999633789062,177.0500030517578,106181300
2024-03-22,170.7262725830078,172.27999877929688,173.0500030517578,170.05999755859375,171.75999450683594,71160100
2024-03-25,169.3091583251953,170.85000610351562,171.94000244140625,169.4499969482422,170.57000732421875,54288300
2024-03-26,168.17942810058594,169.7100067138672,171.4199981689453,169.5800018310547,170.0,57388400
2024-03-27,171.74697875976562,173.30999755859375,173.60000610351562,170.11000061035156,170.41000366210938,60273300
2024-03-28,169.9334259033203,171.47999572753906,172.22999572753906,170.50999450683594,171.75,65672700
2024-04-01,168.49655151367188,170.02999877929688,171.25,169.47999572753906,171.19000244140625,46240500
2024-04-02,167.31727600097656,168.83999633789062,169.33999633789062,168.22999572753906,169.0800018310547,49329500
2024-04-03,168.1199493408203,169.64999389648438,170.67999267578125,168.5800018310547,168.7899932861328,47691700
2024-04-04,167.29745483398438,168.82000732421875,171.9199981689453,168.82000732421875,170.2899932861328,53704400
2024-04-05,168.0505828857422,169.5800018310547,170.38999938964844,168.9499969482422,169.58999633789062,42104800
2024-04-08,166.93080139160156,168.4499969482422,169.1999969482422,168.24000549316406,169.02999877929688,37425500
2024-04-09,168.13980102539062,169.6699981689453,170.0800018310547,168.35000610351562,168.6999969482422,42373800
2024-04-10,166.26683044433594,167.77999877929688,169.08999633789062,167.11000061035156,168.8000030517578,49709300
2024-04-11,173.46133422851562,175.0399932861328,175.4600067138672,168.16000366210938,168.33999633789062,91070300
2024-04-12,174.95774841308594,176.5500030517578,178.36000061035156,174.2100067138672,174.25999450683594,101670900
2024-04-15,171.13253784179688,172.69000244140625,176.6300048828125,172.5,175.36000061035156,73531800
2024-04-16,167.85240173339844,169.3800048828125,173.75999450683594,168.27000427246094,171.75,73711200
2024-04-17,166.48483276367188,168.0,170.64999389648438,168.0,169.61000061035156,50901200
2024-04-18,165.5334930419922,167.0399932861328,168.63999938964844,166.5500030517578,168.02999877929688,43122900
2024-04-19,163.5118865966797,165.0,166.39999389648438,164.0800018310547,166.2100067138672,68149400
2024-04-22,164.34432983398438,165.83999633789062,167.25999450683594,164.77000427246094,165.52000427246094,48116400
2024-04-23,165.39476013183594,166.89999389648438,167.0500030517578,164.9199981689453,165.35000610351562,49537800
2024-04-24,167.49566650390625,169.02000427246094,169.3000030517578,166.2100067138672,166.5399932861328,48251800
2024-04-25,168.3577880859375,169.88999938964844,170.61000061035156,168.14999389648438,169.52999877929688,50558300
2024-04-26,167.7731170654297,169.3000030517578,171.33999633789062,169.17999267578125,169.8800048828125,44838400
2024-04-29,171.93524169921875,173.5,176.02999877929688,173.10000610351562,173.3699951171875,68169400
2024-04-30,168.79383850097656,170.3300018310547,174.99000549316406,170.0,173.3300018310547,65934800
2024-05-01,167.7731170654297,169.3000030517578,172.7100067138672,169.11000061035156,169.5800018310547,50383100
2024-05-02,171.469482421875,173.02999877929688,173.4199981689453,170.88999938964844,172.50999450683594,94214900
2024-05-03,181.72613525390625,183.3800048828125,187.0,182.66000366210938,186.64999389648438,163224100
2024-05-06,180.07119750976562,181.7100067138672,184.1999969482422,180.4199981689453,182.35000610351562,78569700
2024-05-07,180.7549591064453,182.39999389648438,184.89999389648438,181.32000732421875,183.4499969482422,77305800
2024-05-08,181.09190368652344,182.74000549316406,183.07000732421875,181.4499969482422,182.85000610351562,45057100
2024-05-09,182.90541076660156,184.57000732421875,184.66000366210938,182.11000061035156,182.55999755859375,48983000
2024-05-10,181.64515686035156,183.0500030517578,185.08999633789062,182.1300048828125,184.89999389648438,50759500
2024-05-13,184.850341796875,186.27999877929688,187.10000610351562,184.6199951171875,185.44000244140625,72044800
2024-05-14,185.99154663085938,187.42999267578125,188.3000030517578,186.2899932861328,187.50999450683594,52393600
2024-05-15,188.2639923095703,189.72000122070312,190.64999389648438,187.3699951171875,187.91000366210938,70400000
2024-05-16,188.38302612304688,189.83999633789062,191.10000610351562,189.66000366210938,190.47000122070312,52845200
2024-05-17,188.4127960205078,189.8699951171875,190.80999755859375,189.17999267578125,189.50999450683594,41282900
2024-05-20,189.57382202148438,191.0399932861328,191.9199981689453,189.00999450683594,189.3300018310547,44361300
2024-05-21,190.87376403808594,192.35000610351562,192.72999572753906,190.9199981689453,191.08999633789062,42309400
2024-05-22,189.43490600585938,190.89999389648438,192.82000732421875,190.27000427246094,192.27000427246094,34648500
2024-05-23,185.4457550048828,186.8800048828125,191.0,186.6300048828125,190.97999572753906,51005900
2024-05-24,188.52195739746094,189.97999572753906,190.5800018310547,188.0399932861328,188.82000732421875,36327000
2024-05-28,188.5319061279297,189.99000549316406,193.0,189.10000610351562,191.50999450683594,52280100
2024-05-29,188.82958984375,190.2899932861328,192.25,189.50999450683594,189.61000061035156,53068000
2024-05-30,189.82191467285156,191.2899932861328,192.17999267578125,190.6300048828125,190.75999450683594,49889100
2024-05-31,190.7745361328125,192.25,192.57000732421875,189.91000366210938,191.44000244140625,75158300
2024-06-03,192.5408935546875,194.02999877929688,194.99000549316406,192.52000427246094,192.89999389648438,50080500
2024-06-04,192.85842895507812,194.35000610351562,195.32000732421875,193.02999877929688,194.63999938964844,47471400
2024-06-05,194.36676025390625,195.8699951171875,196.89999389648438,194.8699951171875,195.39999389648438,54156800
2024-06-06,192.9874267578125,194.47999572753906,196.5,194.1699981689453,195.69000244140625,41181800
2024-06-07,195.37893676757812,196.88999938964844,196.94000244140625,194.13999938964844,194.64999389648438,53103900
2024-06-10,191.6378631591797,193.1199951171875,197.3000030517578,192.14999389648438,196.89999389648438,97010200
2024-06-11,205.5601806640625,207.14999389648438,207.16000366210938,193.6300048828125,193.64999389648438,172373300
2024-06-12,211.4347686767578,213.07000732421875,220.1999969482422,206.89999389648438,207.3699951171875,198134300
2024-06-13,212.59579467773438,214.24000549316406,216.75,211.60000610351562,214.74000549316406,97862700
2024-06-14,210.85923767089844,212.49000549316406,215.1699981689453,211.3000030517578,213.85000610351562,70122700
2024-06-17,215.0071563720703,216.6699981689453,218.9499969482422,212.72000122070312,213.3699951171875,93728300
2024-06-18,212.64540100097656,214.2899932861328,218.6300048828125,213.0,217.58999633789062,79943300
2024-06-20,208.07077026367188,209.67999267578125,214.24000549316406,208.85000610351562,213.92999267578125,86172500
2024-06-21,205.89761352539062,207.49000549316406,211.88999938964844,207.11000061035156,210.38999938964844,241805100
2024-06-24,206.5426025390625,208.13999938964844,212.6999969482422,206.58999633789062,207.72000122070312,80727000
2024-06-25,207.46546936035156,209.07000732421875,211.3800048828125,208.61000061035156,209.14999389648438,55549700
2024-06-26,211.61337280273438,213.25,214.86000061035156,210.63999938964844,211.5,66213200
2024-06-27,212.4568634033203,214.10000610351562,215.74000549316406,212.35000610351562,214.69000244140625,49772700
2024-06-28,209.00357055664062,210.6199951171875,216.07000732421875,210.3000030517578,215.77000427246094,82542700
2024-07-01,215.08653259277344,216.75,217.50999450683594,211.9199981689453,212.08999633789062,60402900
2024-07-02,218.57948303222656,220.27000427246094,220.3800048828125,215.10000610351562,216.14999389648438,58046200
2024-07-03,219.84967041015625,221.5500030517578,221.5500030517578,219.02999877929688,220.0,37369800
2024-07-05,224.6029052734375,226.33999633789062,226.4499969482422,221.64999389648438,221.64999389648438,60412400
2024-07-08,226.0715789794922,227.82000732421875,227.85000610351562,223.25,227.08999633789062,59085900
2024-07-09,226.92494201660156,228.67999267578125,229.39999389648438,226.3699951171875,227.92999267578125,48076100
2024-07-10,231.1919403076172,232.97999572753906,233.0800018310547,229.25,229.3000030517578,62627700
2024-07-11,225.82350158691406,227.57000732421875,232.38999938964844,225.77000427246094,231.38999938964844,64710600
2024-07-12,228.77069091796875,230.5399932861328,232.63999938964844,228.67999267578125,228.9199981689453,53046500
2024-07-15,232.60105895996094,234.39999389648438,237.22999572753906,233.08999633789062,236.47999572753906,62631300
2024-07-16,233.01783752441406,234.82000732421875,236.27000427246094,232.3300018310547,235.0,43234300
2024-07-17,227.12344360351562,228.8800048828125,231.4600067138672,226.63999938964844,229.4499969482422,57345900
2024-07-18,222.45948791503906,224.17999267578125,230.44000244140625,222.27000427246094,230.27999877929688,66034600
2024-07-19,222.58848571777344,224.30999755859375,226.8000030517578,223.27999877929688,224.82000732421875,49151500
2024-07-22,222.24119567871094,223.9600067138672,227.77999877929688,223.08999633789062,227.00999450683594,48201800
2024-07-23,223.2831268310547,225.00999450683594,226.94000244140625,222.67999267578125,224.3699951171875,39960300
2024-07-24,216.86276245117188,218.5399932861328,224.8000030517578,217.1300048828125,224.0,61777600
2024-07-25,215.82086181640625,217.49000549316406,220.85000610351562,214.6199951171875,218.92999267578125,51391200
2024-07-26,216.28724670410156,217.9600067138672,219.49000549316406,216.00999450683594,218.6999969482422,41601300
2024-07-29,216.5651092529297,218.24000549316406,219.3000030517578,215.75,216.9600067138672,36311800
2024-07-30,217.1208038330078,218.8000030517578,220.3300018310547,216.1199951171875,219.19000244140625,41643800
2024-07-31,220.37562561035156,222.0800018310547,223.82000732421875,220.6300048828125,221.44000244140625,50036300
2024-08-01,216.68414306640625,218.36000061035156,224.47999572753906,217.02000427246094,224.3699951171875,62501000
2024-08-02,218.1726531982422,219.86000061035156,225.60000610351562,217.7100067138672,219.14999389648438,105568600
2024-08-05,207.6639404296875,209.27000427246094,213.5,196.0,199.08999633789062,119548600
2024-08-06,205.63958740234375,207.22999572753906,209.99000549316406,201.07000732421875,205.3000030517578,69660500
2024-08-07,208.209716796875,209.82000732421875,213.63999938964844,206.38999938964844,206.89999389648438,63516400
2024-08-08,211.67294311523438,213.30999755859375,214.1999969482422,208.8300018310547,213.11000061035156,47161100
2024-08-09,214.58045959472656,216.24000549316406,216.77999877929688,211.97000122070312,212.10000610351562,42201600
2024-08-12,216.1103973388672,217.52999877929688,219.50999450683594,215.60000610351562,216.07000732421875,38028100
2024-08-13,219.8259735107422,221.27000427246094,221.88999938964844,219.00999450683594,219.00999450683594,44155300
2024-08-14,220.27305603027344,221.72000122070312,223.02999877929688,219.6999969482422,220.57000732421875,41960600
2024-08-15,223.2534637451172,224.72000122070312,225.35000610351562,222.75999450683594,224.60000610351562,46414000
2024-08-16,224.57479858398438,226.0500030517578,226.8300018310547,223.64999389648438,223.9199981689453,44340200
2024-08-19,224.41583251953125,225.88999938964844,225.99000549316406,223.0399932861328,225.72000122070312,40687800
2024-08-20,225.0317840576172,226.50999450683594,227.1699981689453,225.4499969482422,225.77000427246094,30299000
2024-08-21,224.92250061035156,226.39999389648438,227.97999572753906,225.0500030517578,226.52000427246094,34765500
2024-08-22,223.06471252441406,224.52999877929688,228.33999633789062,223.89999389648438,227.7899932861328,43695300
2024-08-23,225.359619140625,226.83999633789062,228.22000122070312,224.3300018310547,225.66000366210938,38677300
2024-08-26,225.69740295410156,227.17999267578125,227.27999877929688,223.88999938964844,226.75999450683594,30602200
2024-08-27,226.5418701171875,228.02999877929688,228.85000610351562,224.88999938964844,226.0,35934600
2024-08-28,225.0119171142578,226.49000549316406,229.86000061035156,225.67999267578125,227.9199981689453,38052200
2024-08-29,228.29037475585938,229.7899932861328,232.9199981689453,228.8800048828125,230.10000610351562,51906300
2024-08-30,227.5055389404297,229.0,230.39999389648438,227.47999572753906,230.19000244140625,52990800
2024-09-03,221.31619262695312,222.77000427246094,229.0,221.1699981689453,228.5500030517578,50190600
2024-09-04,219.4087371826172,220.85000610351562,221.77999877929688,217.47999572753906,221.66000366210938,43840200
2024-09-05,220.92874145507812,222.3800048828125,225.47999572753906,221.52000427246094,221.6300048828125,36615400
2024-09-06,219.37892150878906,220.82000732421875,225.24000549316406,219.77000427246094,223.9499969482422,48423000
2024-09-09,219.4683380126953,220.91000366210938,221.27000427246094,216.7100067138672,220.82000732421875,67180000
2024-09-10,218.67355346679688,220.11000061035156,221.47999572753906,216.72999572753906,218.9199981689453,51591000
2024-09-11,221.20689392089844,222.66000366210938,223.08999633789062,217.88999938964844,221.4600067138672,44587100
2024-09-12,221.31619262695312,222.77000427246094,223.5500030517578,219.82000732421875,222.5,37455600
2024-09-13,221.04795837402344,222.5,224.0399932861328,221.91000366210938,223.5800018310547,36766600
2024-09-16,214.90830993652344,216.32000732421875,217.22000122070312,213.9199981689453,216.5399932861328,59357400
2024-09-17,215.37521362304688,216.7899932861328,216.89999389648438,214.5,215.75,45519300
2024-09-18,219.24977111816406,220.69000244140625,222.7100067138672,217.5399932861328,217.5500030517578,59894900
2024-09-19,227.37635803222656,228.8699951171875,229.82000732421875,224.6300048828125,224.99000549316406,66781300
2024-09-20,226.71075439453125,228.1999969482422,233.08999633789062,227.6199951171875,229.97000122070312,318679900
2024-09-23,224.99205017089844,226.47000122070312,229.4499969482422,225.80999755859375,227.33999633789062,54146000
2024-09-24,225.88616943359375,227.3699951171875,229.35000610351562,225.72999572753906,228.64999389648438,43556100
2024-09-25,224.8927001953125,226.3699951171875,227.2899932861328,224.02000427246094,224.92999267578125,42308700
2024-09-26,226.03518676757812,227.52000427246094,228.5,225.41000366210938,227.3000030517578,36636700
2024-09-27,226.3034210205078,227.7899932861328,229.52000427246094,227.3000030517578,228.4600067138672,34026000
2024-09-30,231.4794464111328,233.0,233.0,229.64999389648438,230.0399932861328,54541900
2024-10-01,224.73377990722656,226.2100067138672,229.64999389648438,223.74000549316406,229.52000427246094,63285000
2024-10-02,225.30003356933594,226.77999877929688,227.3699951171875,223.02000427246094,225.88999938964844,32880600
2024-10-03,224.197265625,225.6699981689453,226.80999755859375,223.32000732421875,225.13999938964844,34044200
2024-10-04,225.3199005126953,226.8000030517578,228.0,224.1300048828125,227.89999389648438,37245100
2024-10-07,220.24322509765625,221.69000244140625,225.69000244140625,221.3300018310547,224.5,39505400
2024-10-08,224.29660034179688,225.77000427246094,225.97999572753906,223.25,224.3000030517578,31855700
2024-10-09,228.04200744628906,229.5399932861328,229.75,224.8300018310547,225.22999572753906,33591100
2024-10-10,227.54527282714844,229.0399932861328,229.5,227.1699981689453,227.77999877929688,28183500
2024-10-11,226.06500244140625,227.5500030517578,229.41000366210938,227.33999633789062,229.3000030517578,31759200
2024-10-14,229.79054260253906,231.3000030517578,231.72999572753906,228.60000610351562,228.6999969482422,39882100
2024-10-15,232.3238983154297,233.85000610351562,237.49000549316406,232.3699951171875,233.61000061035156,64751400
2024-10-16,230.2673797607422,231.77999877929688,232.1199951171875,229.83999633789062,231.60000610351562,34082200
2024-10-17,230.63497924804688,232.14999389648438,233.85000610351562,230.52000427246094,233.42999267578125,32993800
2024-10-18,233.4663543701172,235.0,236.17999267578125,234.00999450683594,236.17999267578125,46431500
2024-10-21,234.9367218017578,236.47999572753906,236.85000610351562,234.4499969482422,234.4499969482422,36254500
2024-10-22,234.32077026367188,235.86000061035156,236.22000122070312,232.60000610351562,233.88999938964844,38846600
2024-10-23,229.25405883789062,230.75999450683594,235.13999938964844,227.75999450683594,234.0800018310547,52287000
2024-10-24,229.0653076171875,230.57000732421875,230.82000732421875,228.41000366210938,229.97999572753906,31109500
2024-10-25,229.89981079101562,231.41000366210938,233.22000122070312,229.57000732421875,229.74000549316406,38802300
2024-10-28,231.87681579589844,233.39999389648438,234.72999572753906,232.5500030517578,233.32000732421875,36087100
2024-10-29,232.1450653076172,233.6699981689453,234.3300018310547,232.32000732421875,233.10000610351562,35417200
2024-10-30,228.5983428955078,230.10000610351562,233.47000122070312,229.5500030517578,232.61000061035156,47070900
2024-10-31,224.43569946289062,225.91000366210938,229.8300018310547,225.3699951171875,229.33999633789062,64370100
2024-11-01,221.45529174804688,222.91000366210938,225.35000610351562,220.27000427246094,220.97000122070312,65276700
2024-11-04,220.56114196777344,222.00999450683594,222.7899932861328,219.7100067138672,220.99000549316406,44944500
2024-11-05,221.9917449951172,223.4499969482422,223.9499969482422,221.13999938964844,221.8000030517578,28111300
2024-11-06,221.26651000976562,222.72000122070312,226.07000732421875,221.19000244140625,222.61000061035156,54561100
2024-11-07,225.9954376220703,227.47999572753906,227.8800048828125,224.57000732421875,224.6300048828125,42137700
2024-11-08,225.7269287109375,226.9600067138672,228.66000366210938,226.41000366210938,227.1699981689453,38328800
2024-11-11,223.01173400878906,224.22999572753906,225.6999969482422,221.5,225.0,42005600
2024-11-12,223.01173400878906,224.22999572753906,225.58999633789062,223.36000061035156,224.5500030517578,40398300
2024-11-13,223.89691162109375,225.1199951171875,226.64999389648438,222.75999450683594,224.00999450683594,48566200
2024-11-14,226.98007202148438,228.22000122070312,228.8699951171875,225.0,225.02000427246094,44923900
2024-11-15,223.77755737304688,225.0,226.9199981689453,224.27000427246094,226.39999389648438,47923700
2024-11-18,226.7811737060547,228.02000427246094,229.74000549316406,225.1699981689453,225.25,44633700
2024-11-19,227.0397491455078,228.27999877929688,230.16000366210938,226.66000366210938,226.97999572753906,36211800
2024-11-20,227.75584411621094,229.0,229.92999267578125,225.88999938964844,228.05999755859375,35169600
2024-11-21,227.27845764160156,228.52000427246094,230.16000366210938,225.7100067138672,228.8800048828125,42108300
2024-11-22,228.62110900878906,229.8699951171875,230.72000122070312,228.05999755859375,228.05999755859375,38168300
2024-11-25,231.6048126220703,232.8699951171875,233.25,229.74000549316406,231.4600067138672,90152800
2024-11-26,233.7829132080078,235.05999755859375,235.57000732421875,233.3300018310547,233.3300018310547,45986200
2024-11-27,233.65362548828125,234.92999267578125,235.69000244140625,233.80999755859375,234.47000122070312,33498400
2024-11-29,236.04058837890625,237.3300018310547,237.80999755859375,233.97000122070312,234.80999755859375,28481400
2024-12-02,238.2882843017578,239.58999633789062,240.7899932861328,237.16000366210938,237.27000427246094,48137100
2024-12-03,241.33168029785156,242.64999389648438,242.75999450683594,238.89999389648438,239.80999755859375,38861000
2024-12-04,241.68971252441406,243.00999450683594,244.11000061035156,241.25,242.8699951171875,44383900
2024-12-05,241.7195587158203,243.0399932861328,244.5399932861328,242.1300048828125,243.99000549316406,40033900
2024-12-06,241.52066040039062,242.83999633789062,244.6300048828125,242.0800018310547,242.91000366210938,36870600
2024-12-09,245.40939331054688,246.75,247.24000549316406,241.75,241.8300018310547,44649200
2024-12-10,246.42385864257812,247.77000427246094,248.2100067138672,245.33999633789062,246.88999938964844,36914800
2024-12-11,245.1508331298828,246.49000549316406,250.8000030517578,246.25999450683594,247.9600067138672,45205800
2024-12-12,246.61282348632812,247.9600067138672,248.74000549316406,245.67999267578125,246.88999938964844,32777500
2024-12-13,246.78192138671875,248.1300048828125,249.2899932861328,246.24000549316406,247.82000732421875,33155300
2024-12-16,249.6760711669922,251.0399932861328,251.3800048828125,247.64999389648438,247.99000549316406,51694800
2024-12-17,252.1028289794922,253.47999572753906,253.8300018310547,249.77999877929688,250.0800018310547,51356400
2024-12-18,246.7023468017578,248.0500030517578,254.27999877929688,247.74000549316406,252.16000366210938,56774100
2024-12-19,248.43287658691406,249.7899932861328,252.0,247.08999633789062,247.5,60882300
2024-12-20,253.1073455810547,254.49000549316406,255.0,245.69000244140625,248.0399932861328,147495300
2024-12-23,253.8831024169922,255.27000427246094,255.64999389648438,253.4499969482422,254.77000427246094,40858800
2024-12-24,256.79718017578125,258.20001220703125,258.2099914550781,255.2899932861328,255.49000549316406,23234700
2024-12-26,257.6127014160156,259.0199890136719,260.1000061035156,257.6300048828125,258.19000244140625,27237100
2024-12-27,254.20135498046875,255.58999633789062,258.70001220703125,253.05999755859375,257.8299865722656,42355300
2024-12-30,250.8297882080078,252.1999969482422,253.5,250.75,252.22999572753906,35557500
2024-12-31,249.05947875976562,250.4199981689453,253.27999877929688,249.42999267578125,252.44000244140625,39480700
2025-01-02,242.52516174316406,243.85000610351562,249.10000610351562,241.82000732421875,248.92999267578125,55740700
2025-01-03,242.03782653808594,243.36000061035156,244.17999267578125,241.88999938964844,243.36000061035156,40244100
2025-01-06,243.66891479492188,245.0,247.3300018310547,243.1999969482422,244.30999755859375,45045600
2025-01-07,240.89405822753906,242.2100067138672,245.5500030517578,241.35000610351562,242.97999572753906,40856000
2025-01-08,241.3813934326172,242.6999969482422,243.7100067138672,240.0500030517578,241.9199981689453,37628900
2025-01-10,235.56321716308594,236.85000610351562,240.16000366210938,233.0,240.00999450683594,61710900
2025-01-13,233.12649536132812,234.39999389648438,234.6699981689453,229.72000122070312,233.52999877929688,49630700
2025-01-14,232.01258850097656,233.27999877929688,236.1199951171875,232.47000122070312,234.75,39435300
2025-01-15,236.57762145996094,237.8699951171875,238.9600067138672,234.42999267578125,234.63999938964844,39832000
2025-01-16,227.0198516845703,228.25999450683594,238.00999450683594,228.02999877929688,237.35000610351562,71759100
2025-01-17,228.7305145263672,229.97999572753906,232.2899932861328,228.47999572753906,232.1199951171875,68488300
2025-01-21,221.4303741455078,222.63999938964844,224.4199981689453,219.3800048828125,224.0,98070400
2025-01-22,222.61392211914062,223.8300018310547,224.1199951171875,219.7899932861328,219.7899932861328,64126500
2025-01-23,222.44485473632812,223.66000366210938,227.02999877929688,222.3000030517578,224.74000549316406,60234800
2025-01-24,221.5696258544922,222.77999877929688,225.6300048828125,221.41000366210938,224.77999877929688,54697900
2025-01-27,228.61117553710938,229.86000061035156,232.14999389648438,223.97999572753906,224.02000427246094,94863400
2025-01-28,236.9655303955078,238.25999450683594,240.19000244140625,230.80999755859375,230.85000610351562,75707600
2025-01-29,238.05953979492188,239.36000061035156,239.86000061035156,234.00999450683594,234.1199951171875,45486100
2025-01-30,236.2991485595703,237.58999633789062,240.7899932861328,237.2100067138672,238.6699981689453,55658300
2025-01-31,234.7178192138672,236.0,247.19000244140625,233.44000244140625,247.19000244140625,100959800
2025-02-03,226.7711944580078,228.00999450683594,231.8300018310547,225.6999969482422,229.99000549316406,73063300
2025-02-04,231.5352020263672,232.8000030517578,233.1300048828125,226.64999389648438,227.25,45067300
2025-02-05,231.2069854736328,232.47000122070312,232.6699981689453,228.27000427246094,228.52999877929688,39620300
2025-02-06,231.95291137695312,233.22000122070312,233.8000030517578,230.42999267578125,231.2899932861328,29925300
2025-02-07,226.393310546875,227.6300048828125,234.0,227.25999450683594,232.60000610351562,39707200
2025-02-10,226.662109375,227.64999389648438,230.58999633789062,227.1999969482422,229.57000732421875,33115600
2025-02-11,231.61053466796875,232.6199951171875,235.22999572753906,228.1300048828125,228.1999969482422,53718400
2025-02-12,235.84210205078125,236.8699951171875,236.9600067138672,230.67999267578125,231.1999969482422,45243300
2025-02-13,240.4818878173828,241.52999877929688,242.33999633789062,235.57000732421875,236.91000366210938,53614100
2025-02-14,243.53855895996094,244.60000610351562,245.5500030517578,240.99000549316406,241.25,40896200
2025-02-18,243.40911865234375,244.47000122070312,245.17999267578125,241.83999633789062,244.14999389648438,48822500
2025-02-19,243.807373046875,244.8699951171875,246.00999450683594,243.16000366210938,244.66000366210938,32204200
2025-02-20,244.7632293701172,245.8300018310547,246.77999877929688,244.2899932861328,244.94000244140625,32316900
2025-02-21,244.48443603515625,245.5500030517578,248.69000244140625,245.22000122070312,245.9499969482422,53197400
2025-02-24,246.0277099609375,247.10000610351562,248.86000061035156,244.4199981689453,244.92999267578125,51326400
2025-02-25,245.96795654296875,247.0399932861328,250.0,244.91000366210938,248.0,48013300
2025-02-26,239.31695556640625,240.36000061035156,244.97999572753906,239.1300048828125,244.3300018310547,44433600
2025-02-27,236.27023315429688,237.3000030517578,242.4600067138672,237.05999755859375,239.41000366210938,41153600
2025-02-28,240.79052734375,241.83999633789062,242.08999633789062,230.1999969482422,236.9499969482422,56833400
2025-03-03,236.9970703125,238.02999877929688,244.02999877929688,236.11000061035156,241.7899932861328,47184000
2025-03-04,234.9061737060547,235.92999267578125,240.07000732421875,234.67999267578125,237.7100067138672,53798100
2025-03-05,234.71701049804688,235.74000549316406,236.5500030517578,229.22999572753906,235.4199981689453,47227600
2025-03-06,234.3087921142578,235.3300018310547,237.86000061035156,233.16000366210938,234.44000244140625,45170400
2025-03-07,238.03256225585938,239.07000732421875,241.3699951171875,234.75999450683594,235.11000061035156,46273600
2025-03-10,226.4928436279297,227.47999572753906,236.16000366210938,224.22000122070312,235.5399932861328,72071200
2025-03-11,219.88165283203125,220.83999633789062,225.83999633789062,217.4499969482422,223.80999755859375,76137400
2025-03-12,216.03842163085938,216.97999572753906,221.75,214.91000366210938,220.13999938964844,62547500
2025-03-13,208.77008056640625,209.67999267578125,216.83999633789062,208.4199981689453,215.9499969482422,61368300
2025-03-14,212.5635528564453,213.49000549316406,213.9499969482422,209.5800018310547,211.25,60107600
2025-03-17,213.07135009765625,214.0,215.22000122070312,209.97000122070312,213.30999755859375,48073400
2025-03-18,211.7670440673828,212.69000244140625,215.14999389648438,211.49000549316406,214.16000366210938,42432400
2025-03-19,214.3059539794922,215.24000549316406,218.75999450683594,213.75,214.22000122070312,54385400
2025-03-20,213.17092895507812,214.10000610351562,217.49000549316406,212.22000122070312,213.99000549316406,48862900
2025-03-21,217.32281494140625,218.27000427246094,218.83999633789062,211.27999877929688,211.55999755859375,94127800
2025-03-24,219.77212524414062,220.72999572753906,221.47999572753906,218.5800018310547,221.0,44299500
2025-03-25,222.77903747558594,223.75,224.10000610351562,220.0800018310547,220.77000427246094,34493600
2025-03-26,220.56866455078125,221.52999877929688,225.02000427246094,220.47000122070312,223.50999450683594,34466100
2025-03-27,222.87863159179688,223.85000610351562,224.99000549316406,220.55999755859375,221.38999938964844,37094800
2025-03-28,216.9544219970703,217.89999389648438,223.80999755859375,217.67999267578125,221.6699981689453,39818600
2025-03-31,221.16607666015625,222.1300048828125,225.6199951171875,216.22999572753906,217.00999450683594,65299300
2025-04-01,222.22146606445312,223.19000244140625,223.67999267578125,218.89999389648438,219.80999755859375,36412700
2025-04-02,222.91842651367188,223.88999938964844,225.19000244140625,221.02000427246094,221.32000732421875,35905900
2025-04-03,202.30824279785156,203.19000244140625,207.49000549316406,201.25,205.5399932861328,103419000
2025-04-04,187.56253051757812,188.3800048828125,199.8800048828125,187.33999633789062,193.88999938964844,125910900
2025-04-07,180.6725616455078,181.4600067138672,194.14999389648438,174.6199951171875,177.1999969482422,160466300
2025-04-08,171.67176818847656,172.4199981689453,190.33999633789062,169.2100067138672,186.6999969482422,120859500
2025-04-09,197.9871063232422,198.85000610351562,200.61000061035156,171.88999938964844,171.9499969482422,184395900
2025-04-10,189.59365844726562,190.4199981689453,194.77999877929688,183.0,189.07000732421875,121880000
2025-04-11,197.29013061523438,198.14999389648438,199.5399932861328,186.05999755859375,186.10000610351562,87435900
2025-04-14,201.64117431640625,202.52000427246094,212.94000244140625,201.16000366210938,211.44000244140625,101352900
2025-04-15,201.26280212402344,202.13999938964844,203.50999450683594,199.8000030517578,201.86000061035156,51343900
2025-04-16,193.42697143554688,194.27000427246094,200.6999969482422,192.3699951171875,198.36000061035156,59732400
2025-04-17,196.1251983642578,196.97999572753906,198.8300018310547,194.4199981689453,197.1999969482422,52164700
2025-04-21,192.32179260253906,193.16000366210938,193.8000030517578,189.80999755859375,193.27000427246094,46742500
2025-04-22,198.8732452392578,199.74000549316406,201.58999633789062,195.97000122070312,196.1199951171875,52976400
2025-04-23,203.71214294433594,204.60000610351562,208.0,202.8000030517578,206.0,52929200
2025-04-24,207.4657745361328,208.3699951171875,208.8300018310547,202.94000244140625,204.88999938964844,47311000
2025-04-25,208.37181091308594,209.27999877929688,209.75,206.1999969482422,206.3699951171875,38222300
2025-04-28,209.2281036376953,210.13999938964844,211.5,207.4600067138672,210.0,38743100
2025-04-29,210.29345703125,211.2100067138672,212.24000549316406,208.3699951171875,208.69000244140625,36827600
2025-04-30,211.57785034179688,212.5,213.5800018310547,206.6699981689453,209.3000030517578,52286500
2025-05-01,212.39430236816406,213.32000732421875,214.55999755859375,208.89999389648438,209.0800018310547,57365700
2025-05-02,204.45889282226562,205.35000610351562,206.99000549316406,202.16000366210938,206.08999633789062,101010600
2025-05-05,198.0269012451172,198.88999938964844,204.10000610351562,198.2100067138672,203.10000610351562,69018500
2025-05-06,197.6485595703125,198.50999450683594,200.64999389648438,197.02000427246094,198.2100067138672,51216500
2025-05-07,195.3983612060547,196.25,199.44000244140625,193.25,199.1699981689453,68536700
2025-05-08,196.63299560546875,197.49000549316406,200.0500030517578,194.67999267578125,197.72000122070312,50478900
2025-05-09,197.66847229003906,198.52999877929688,200.5399932861328,197.5399932861328,199.0,36453900
2025-05-12,210.15049743652344,210.7899932861328,211.27000427246094,206.75,210.97000122070312,63775800
2025-05-13,212.28399658203125,212.92999267578125,213.39999389648438,209.0,210.42999267578125,51909300
2025-05-14,211.68582153320312,212.3300018310547,213.94000244140625,210.5800018310547,212.42999267578125,49325800
2025-05-15,210.80850219726562,211.4499969482422,212.9600067138672,209.5399932861328,210.9499969482422,45029500
2025-05-16,210.6190643310547,211.25999450683594,212.57000732421875,209.77000427246094,212.36000061035156,54737900
2025-05-19,208.14659118652344,208.77999877929688,209.47999572753906,204.25999450683594,207.91000366210938,46140500
2025-05-20,206.232421875,206.86000061035156,208.47000122070312,205.02999877929688,207.6699981689453,42496600
2025-05-21,201.4768829345703,202.08999633789062,207.0399932861328,200.7100067138672,205.1699981689453,59211800
2025-05-22,200.74908447265625,201.36000061035156,202.75,199.6999969482422,200.7100067138672,46742400
2025-05-23,194.67759704589844,195.27000427246094,197.6999969482422,193.4600067138672,193.6699981689453,78432900
2025-05-27,199.60260009765625,200.2100067138672,200.74000549316406,197.42999267578125,198.3000030517578,56288500
2025-05-28,199.81195068359375,200.4199981689453,202.72999572753906,199.89999389648438,200.58999633789062,45339700
2025-05-29,199.3433837890625,199.9499969482422,203.80999755859375,198.50999450683594,203.5800018310547,51396800
2025-05-30,200.24066162109375,200.85000610351562,201.9600067138672,196.77999877929688,199.3699951171875,70819900
2025-06-02,201.08807373046875,201.6999969482422,202.1300048828125,200.1199951171875,200.27999877929688,35423300
2025-06-03,202.65330505371094,203.27000427246094,203.77000427246094,200.9600067138672,201.35000610351562,46381600
2025-06-04,202.20468139648438,202.82000732421875,206.24000549316406,202.10000610351562,202.91000366210938,43604000
2025-06-05,200.02133178710938,200.6300048828125,204.75,200.14999389648438,203.5,55126100
2025-06-06,203.30133056640625,203.9199981689453,205.6999969482422,202.0500030517578,203.0,46607700
2025-06-09,200.83883666992188,201.4499969482422,206.0,200.02000427246094,204.38999938964844,72862600
2025-06-10,202.05511474609375,202.6699981689453,204.35000610351562,200.57000732421875,200.60000610351562,54672600
2025-06-11,198.1769256591797,198.77999877929688,204.5,198.41000366210938,203.5,60989900
2025-06-12,198.5956573486328,199.1999969482422,199.67999267578125,197.36000061035156,199.0800018310547,43904600
2025-06-13,195.85400390625,196.4499969482422,200.3699951171875,195.6999969482422,199.72999572753906,51447300
2025-06-16,197.81802368164062,198.4199981689453,198.69000244140625,196.55999755859375,197.3000030517578,43020700
2025-06-17,195.04644775390625,195.63999938964844,198.38999938964844,195.2100067138672,197.1999969482422,38856200
2025-06-18,195.9835968017578,196.5800018310547,197.57000732421875,195.07000732421875,195.94000244140625,45394700
2025-06-20,200.3901824951172,201.0,201.6999969482422,196.86000061035156,198.24000549316406,96813500
2025-06-23,200.88868713378906,201.5,202.3000030517578,198.9600067138672,201.6300048828125,55814300
2025-06-24,199.69232177734375,200.3000030517578,203.44000244140625,200.1999969482422,202.58999633789062,54064000
2025-06-25,200.94850158691406,201.55999755859375,203.6699981689453,200.6199951171875,201.4499969482422,39525700
2025-06-26,200.3901824951172,201.0,202.63999938964844,199.4600067138672,201.42999267578125,50799100
2025-06-27,200.46995544433594,201.0800018310547,203.22000122070312,200.0,201.88999938964844,73188600
2025-06-30,204.54754638671875,205.1699981689453,207.38999938964844,199.25999450683594,202.00999450683594,91912800
2025-07-01,207.18951416015625,207.82000732421875,210.19000244140625,206.13999938964844,206.6699981689453,78788900
2025-07-02,211.7954864501953,212.44000244140625,213.33999633789062,208.13999938964844,208.91000366210938,67941800
2025-07-03,212.90213012695312,213.5500030517578,214.64999389648438,211.80999755859375,212.14999389648438,34955800
2025-07-07,209.3130340576172,209.9499969482422,216.22999572753906,208.8000030517578,212.67999267578125,50229000
2025-07-08,209.37286376953125,210.00999450683594,211.42999267578125,208.4499969482422,210.10000610351562,42848900
2025-07-09,210.4994354248047,211.13999938964844,211.3300018310547,207.22000122070312,209.52999877929688,48749400
2025-07-10,211.7655792236328,212.41000366210938,213.47999572753906,210.02999877929688,210.50999450683594,44443600
2025-07-11,210.5193634033203,211.16000366210938,212.1300048828125,209.86000061035156,210.57000732421875,39765800
2025-07-14,207.98707580566406,208.6199951171875,210.91000366210938,207.5399932861328,209.92999267578125,38840100
2025-07-15,208.47560119628906,209.11000061035156,211.88999938964844,208.9199981689453,209.22000122070312,42296300
2025-07-16,209.5224151611328,210.16000366210938,212.39999389648438,208.63999938964844,210.3000030517578,47490500
2025-07-17,209.38282775878906,210.02000427246094,211.8000030517578,209.58999633789062,210.57000732421875,48068100
2025-07-18,210.539306640625,211.17999267578125,211.7899932861328,209.6999969482422,210.8699951171875,48974600
2025-07-21,211.83535766601562,212.47999572753906,215.77999877929688,211.6300048828125,212.10000610351562,51377400
2025-07-22,213.74954223632812,214.39999389648438,214.9499969482422,212.22999572753906,213.13999938964844,46404100
2025-07-23,213.50030517578125,214.14999389648438,215.14999389648438,212.41000366210938,215.0,46989300
2025-07-24,213.11146545410156,213.75999450683594,215.69000244140625,213.52999877929688,213.89999389648438,46022600
2025-07-25,213.2311248779297,213.8800048828125,215.24000549316406,213.39999389648438,214.6999969482422,40268800
2025-07-28,213.40061950683594,214.0500030517578,214.85000610351562,213.05999755859375,214.02999877929688,37858000
2025-07-29,210.62904357910156,211.27000427246094,214.80999755859375,210.82000732421875,214.17999267578125,51411700
2025-07-30,208.415771484375,209.0500030517578,212.38999938964844,207.72000122070312,211.89999389648438,45512500
2025-07-31,206.94027709960938,207.57000732421875,209.83999633789062,207.16000366210938,208.49000549316406,80698400
2025-08-01,201.76602172851562,202.3800048828125,213.5800018310547,201.5,210.8699951171875,104434500
2025-08-04,202.7330780029297,203.35000610351562,207.8800048828125,201.67999267578125,204.50999450683594,75109300
2025-08-05,202.3043670654297,202.9199981689453,205.33999633789062,202.16000366210938,203.39999389648438,44155100
2025-08-06,212.60304260253906,213.25,215.3800048828125,205.58999633789062,205.6300048828125,108483100
2025-08-07,219.36245727539062,220.02999877929688,220.85000610351562,216.5800018310547,218.8800048828125,90224800
2025-08-08,228.65419006347656,229.35000610351562,231.0,219.25,220.8300018310547,113854000
2025-08-11,226.747802734375,227.17999267578125,229.55999755859375,224.75999450683594,227.9199981689453,61806100
2025-08-12,229.21310424804688,229.64999389648438,230.8000030517578,227.07000732421875,228.00999450683594,55626200
2025-08-13,232.88612365722656,233.3300018310547,235.0,230.42999267578125,231.07000732421875,69878500
2025-08-14,232.337158203125,232.77999877929688,235.1199951171875,230.85000610351562,234.05999755859375,51916300
2025-08-15,231.1494140625,231.58999633789062,234.27999877929688,229.33999633789062,234.0,56038700
2025-08-18,230.4507598876953,230.88999938964844,233.1199951171875,230.11000061035156,231.6999969482422,37476200
2025-08-19,230.1213836669922,230.55999755859375,232.8699951171875,229.35000610351562,231.27999877929688,39402600
2025-08-20,225.5800323486328,226.00999450683594,230.47000122070312,225.77000427246094,229.97999572753906,42263900
2025-08-21,224.47215270996094,224.89999389648438,226.52000427246094,223.77999877929688,226.27000427246094,30621200
2025-08-22,227.3267059326172,227.75999450683594,229.08999633789062,225.41000366210938,226.1699981689453,42477800
2025-08-25,226.72784423828125,227.16000366210938,229.3000030517578,226.22999572753906,226.47999572753906,30983100
2025-08-26,228.87376403808594,229.30999755859375,229.49000549316406,224.69000244140625,226.8699951171875,54575100
2025-08-27,230.05152893066406,230.49000549316406,230.89999389648438,228.25999450683594,228.61000061035156,31259500
2025-08-28,232.11758422851562,232.55999755859375,233.41000366210938,229.33999633789062,230.82000732421875,38074700
2025-08-29,231.69837951660156,232.13999938964844,233.3800048828125,231.3699951171875,232.50999450683594,39418400
2025-09-02,229.28298950195312,229.72000122070312,230.85000610351562,226.97000122070312,229.25,44075600
2025-09-03,238.01634216308594,238.47000122070312,238.85000610351562,234.36000061035156,237.2100067138672,66427800
2025-09-04,239.32383728027344,239.77999877929688,239.89999389648438,236.74000549316406,238.4499969482422,47549400
2025-09-05,239.2340087890625,239.69000244140625,241.32000732421875,238.49000549316406,240.0,54870400
2025-09-08,237.42745971679688,237.8800048828125,240.14999389648438,236.33999633789062,239.3000030517578,48999500
2025-09-09,233.9041748046875,234.35000610351562,238.77999877929688,233.36000061035156,237.0,66313900
2025-09-10,226.35855102539062,226.7899932861328,232.4199981689453,225.9499969482422,232.19000244140625,83440800
2025-09-11,229.59239196777344,230.02999877929688,230.4499969482422,226.64999389648438,226.8800048828125,50208600
2025-09-12,233.6247100830078,234.07000732421875,234.50999450683594,229.02000427246094,229.22000122070312,55824200
2025-09-15,236.24969482421875,236.6999969482422,238.19000244140625,235.02999877929688,237.0,42699500
2025-09-16,237.6969451904297,238.14999389648438,241.22000122070312,236.32000732421875,237.17999267578125,63421100
2025-09-17,238.5353546142578,238.99000549316406,240.10000610351562,237.72999572753906,238.97000122070312,46508000
2025-09-18,237.42745971679688,237.8800048828125,241.1999969482422,236.64999389648438,239.97000122070312,44249600
2025-09-19,245.032958984375,245.5,246.3000030517578,240.2100067138672,241.22999572753906,163741300
2025-09-22,255.5928192138672,256.0799865722656,256.6400146484375,248.1199951171875,248.3000030517578,105517400
2025-09-23,253.9459686279297,254.42999267578125,257.3399963378906,253.5800018310547,255.8800048828125,60275200
2025-09-24,251.8300018310547,252.30999755859375,255.74000549316406,251.0399932861328,255.22000122070312,42303700
2025-09-25,256.3813171386719,256.8699951171875,257.1700134277344,251.7100067138672,253.2100067138672,55202100
2025-09-26,254.97401428222656,255.4600067138672,257.6000061035156,253.77999877929688,254.10000610351562,46076300
2025-09-29,253.9459686279297,254.42999267578125,255.0,253.00999450683594,254.55999755859375,40127700
2025-09-30,254.14559936523438,254.6300048828125,255.9199981689453,253.11000061035156,254.86000061035156,37704300
2025-10-01,254.9640350341797,255.4499969482422,258.7900085449219,254.92999267578125,255.0399932861328,48713900
2025-10-02,256.6408386230469,257.1300048828125,258.17999267578125,254.14999389648438,256.5799865722656,42630200
2025-10-03,257.5291442871094,258.0199890136719,259.239990234375,253.9499969482422,254.6699981689453,49155600
2025-10-06,256.20166015625,256.69000244140625,259.07000732421875,255.0500030517578,257.989990234375,44664100
2025-10-07,255.99209594726562,256.4800109863281,257.3999938964844,255.42999267578125,256.80999755859375,31955800
2025-10-08,257.569091796875,258.05999755859375,258.5199890136719,256.1099853515625,256.5199890136719,36496900
2025-10-09,253.55670166015625,254.0399932861328,258.0,253.13999938964844,257.80999755859375,38322000
2025-10-10,244.80340576171875,245.27000427246094,256.3800048828125,244.0,254.94000244140625,61999100
2025-10-13,247.18885803222656,247.66000366210938,249.69000244140625,245.55999755859375,249.3800048828125,38142900
2025-10-14,247.29864501953125,247.77000427246094,248.85000610351562,244.6999969482422,246.60000610351562,35478000
2025-10-15,248.86566162109375,249.33999633789062,251.82000732421875,247.47000122070312,249.49000549316406,33893600
2025-10-16,246.97926330566406,247.4499969482422,249.0399932861328,245.1300048828125,248.25,39777000
2025-10-17,251.81002807617188,252.2899932861328,253.3800048828125,247.27000427246094,248.02000427246094,49147000
2025-10-20,261.7411193847656,262.239990234375,264.3800048828125,255.6300048828125,255.88999938964844,90483000
2025-10-21,262.27008056640625,262.7699890136719,265.2900085449219,261.8299865722656,261.8800048828125,46695900
2025-10-22,257.9583435058594,258.45001220703125,262.8500061035156,255.42999267578125,262.6499938964844,45015300
2025-10-23,259.0861511230469,259.5799865722656,260.6199951171875,258.010009765625,259.94000244140625,32754900
2025-10-24,262.3200378417969,262.82000732421875,264.1300048828125,259.17999267578125,261.19000244140625,38253700
2025-10-27,268.2986145019531,268.80999755859375,269.1199951171875,264.6499938964844,264.8800048828125,44888200
2025-10-28,268.4882507324219,269.0,269.8900146484375,268.1499938964844,268.989990234375,41534800
2025-10-29,269.1869201660156,269.70001220703125,271.4100036621094,267.1099853515625,269.2799987792969,51086700
2025-10-30,270.8836669921875,271.3999938964844,274.1400146484375,268.4800109863281,271.989990234375,69886500
2025-10-31,269.85565185546875,270.3699951171875,277.32000732421875,269.1600036621094,276.989990234375,86167100
2025-11-03,268.53814697265625,269.04998779296875,270.8500061035156,266.25,270.4200134277344,50194600
2025-11-04,269.5262756347656,270.0400085449219,271.489990234375,267.6199951171875,268.3299865722656,49274800
2025-11-05,269.6260986328125,270.1400146484375,271.70001220703125,266.92999267578125,268.6099853515625,43683100
2025-11-06,269.25677490234375,269.7699890136719,273.3999938964844,267.8900146484375,267.8900146484375,51204000
2025-11-07,267.9592590332031,268.4700012207031,272.2900085449219,266.7699890136719,269.79998779296875,48227400
2025-11-10,269.1781311035156,269.42999267578125,273.7300109863281,267.4599914550781,268.9599914550781,41312400
2025-11-11,274.99267578125,275.25,275.9100036621094,269.79998779296875,269.80999755859375,46208300
2025-11-12,273.21435546875,273.4700012207031,275.7300109863281,271.70001220703125,275.0,48398000
2025-11-13,272.6948547363281,272.95001220703125,276.70001220703125,272.0899963378906,274.1099853515625,49602800
2025-11-14,272.15533447265625,272.4100036621094,275.9599914550781,269.6000061035156,271.04998779296875,47431300
2025-11-17,267.2099609375,267.4599914550781,270.489990234375,265.7300109863281,268.82000732421875,45018300
2025-11-18,267.19000244140625,267.44000244140625,270.7099914550781,265.32000732421875,269.989990234375,45677300
2025-11-19,268.3089294433594,268.55999755859375,272.2099914550781,265.5,265.5299987792969,40424500
2025-11-20,266.0010986328125,266.25,275.42999267578125,265.9200134277344,270.8299865722656,45823600
2025-11-21,271.2361755371094,271.489990234375,273.3299865722656,265.6700134277344,265.95001220703125,59030800
2025-11-24,275.6620788574219,275.9200134277344,277.0,270.8999938964844,270.8999938964844,65585800
2025-11-25,276.7110900878906,276.9700012207031,280.3800048828125,275.25,275.2699890136719,46914200
2025-11-26,277.29052734375,277.54998779296875,279.5299987792969,276.6300048828125,276.9599914550781,33431400
2025-11-28,278.5893249511719,278.8500061035156,279.0,275.989990234375,277.260009765625,20135600
2025-12-01,282.8353576660156,283.1000061035156,283.4200134277344,276.1400146484375,278.010009765625,46587700
2025-12-02,285.9224548339844,286.19000244140625,287.3999938964844,282.6300048828125,283.0,53669500
2025-12-03,283.8843688964844,284.1499938964844,288.6199951171875,283.29998779296875,286.20001220703125,43538700
2025-12-04,280.4375915527344,280.70001220703125,284.7300109863281,278.5899963378906,284.1000061035156,43989100
2025-12-05,278.5193786621094,278.7799987792969,281.1400146484375,278.04998779296875,280.5400085449219,47265800
2025-12-08,277.6302185058594,277.8900146484375,279.6700134277344,276.1499938964844,278.1300048828125,38211800
2025-12-09,276.9208679199219,277.17999267578125,280.0299987792969,276.9200134277344,278.1600036621094,32193300
2025-12-10,278.5193786621094,278.7799987792969,279.75,276.44000244140625,277.75,33038300
2025-12-11,277.77008056640625,278.0299987792969,279.5899963378906,273.80999755859375,279.1000061035156,33248000
2025-12-12,278.0198669433594,278.2799987792969,279.2200012207031,276.82000732421875,277.8999938964844,39532900
2025-12-15,273.8537292480469,274.1099853515625,280.1499938964844,272.8399963378906,280.1499938964844,50409100
2025-12-16,274.353271484375,274.6099853515625,275.5,271.7900085449219,272.82000732421875,37648600
2025-12-17,271.58587646484375,271.8399963378906,276.1600036621094,271.6400146484375,275.010009765625,50138700
2025-12-18,271.935546875,272.19000244140625,273.6300048828125,266.95001220703125,273.6099853515625,51630700
2025-12-19,273.4141845703125,273.6700134277344,274.6000061035156,269.8999938964844,272.1499938964844,144632000
2025-12-22,270.7166748046875,270.9700012207031,273.8800048828125,270.510009765625,272.8599853515625,36571800
2025-12-23,272.1053771972656,272.3599853515625,272.5,269.55999755859375,270.8399963378906,29642000
2025-12-24,273.55401611328125,273.80999755859375,275.42999267578125,272.20001220703125,272.3399963378906,17910600
2025-12-26,273.1444091796875,273.3999938964844,275.3699951171875,272.8599853515625,274.1600036621094,21521800
2025-12-29,273.50408935546875,273.760009765625,274.3599853515625,272.3500061035156,272.69000244140625,23715200
2025-12-30,272.82470703125,273.0799865722656,274.0799865722656,272.2799987792969,272.80999755859375,22139600
2025-12-31,271.6058349609375,271.8599853515625,273.67999267578125,271.75,273.05999755859375,27293600
2026-01-02,270.75665283203125,271.010009765625,277.8399963378906,269.0,272.260009765625,37838100
2026-01-05,267.0101623535156,267.260009765625,271.510009765625,266.1400146484375,270.6400146484375,45647200
2026-01-06,262.1147155761719,262.3599853515625,267.54998779296875,262.1199951171875,267.0,52352100
2026-01-07,260.08660888671875,260.3299865722656,263.67999267578125,259.80999755859375,263.20001220703125,48309800
2026-01-08,258.7978515625,259.0400085449219,259.2900085449219,255.6999969482422,257.0199890136719,50419300
2026-01-09,259.1275329589844,259.3699951171875,260.2099914550781,256.2200012207031,259.0799865722656,39997000
2026-01-12,260.0067138671875,260.25,261.29998779296875,256.79998779296875,259.1600036621094,45263800
2026-01-13,260.8059387207031,261.04998779296875,261.80999755859375,258.3900146484375,258.7200012207031,45730800
2026-01-14,259.71697998046875,259.9599914550781,261.82000732421875,256.7099914550781,259.489990234375,40019400
2026-01-15,257.9685974121094,258.2099914550781,261.0400085449219,257.04998779296875,260.6499938964844,39388600
2026-01-16,255.29112243652344,255.52999877929688,258.8999938964844,254.92999267578125,257.8999938964844,72142800
2026-01-20,246.46937561035156,246.6999969482422,254.7899932861328,243.4199981689453,252.72999572753906,80267500
2026-01-21,247.41848754882812,247.64999389648438,251.55999755859375,245.17999267578125,248.6999969482422,54641700
2026-01-22,248.1178436279297,248.35000610351562,251.0,248.14999389648438,249.1999969482422,39708300
2026-01-23,247.80812072753906,248.0399932861328,249.41000366210938,244.67999267578125,247.32000732421875,41689000
2026-01-26,255.17123413085938,255.41000366210938,256.55999755859375,249.8000030517578,251.47999572753906,55969200
2026-01-27,258.0285339355469,258.2699890136719,261.95001220703125,258.2099914550781,259.1700134277344,49648300
2026-01-28,256.2002868652344,256.44000244140625,258.8599853515625,254.50999450683594,257.6499938964844,41288000
2026-01-29,258.0385437011719,258.2799987792969,259.6499938964844,254.41000366210938,258.0,67253000
2026-01-30,259.2374267578125,259.4800109863281,261.8999938964844,252.17999267578125,255.1699981689453,92443400
2026-02-02,269.7575988769531,270.010009765625,270.489990234375,259.2099914550781,260.0299987792969,73913400
2026-02-03,269.22808837890625,269.4800109863281,271.8800048828125,267.6099853515625,269.20001220703125,64394700
2026-02-04,276.23150634765625,276.489990234375,278.95001220703125,272.2900085449219,272.2900085449219,90545700
2026-02-05,275.6520690917969,275.9100036621094,279.5,273.2300109863281,278.1300048828125,52977400
2026-02-06,277.8599853515625,278.1199951171875,280.9100036621094,276.92999267578125,277.1199951171875,50453400
2026-02-09,274.6199951171875,274.6199951171875,278.20001220703125,271.70001220703125,277.9100036621094,44623400
2026-02-10,273.67999267578125,273.67999267578125,275.3699951171875,272.94000244140625,274.8900146484375,34376900
2026-02-11,275.5,275.5,280.17999267578125,274.45001220703125,274.70001220703125,51886900
2026-02-12,267.510009765625,267.510009765625,275.7200012207031,267.2200012207031,275.6000061035156,17071198
